id,カテゴリ
171,観光
89,観光
172,観光
97,観光
173,観光
174,観光
175,観光
177,観光
178,観光
179
182
183
75
180
181
79
81
184
83
65
85
66
185
186
67
84
68
187
73
69
188
190
71
191
32,温泉
21,温泉
95,温泉
30,温泉
26,温泉
33,温泉
35,温泉
27,温泉
28,温泉
96,温泉
36,温泉
34,温泉
31,温泉
29,温泉
118,温泉
122,温泉
124,温泉
47
48
54
53
80
49
51
52
86
82
87
88
70
76
77
78
98
103
104
112
111
108
109
136
137
101
100
110
139
138
4,モバイル
9
10,モバイル
5,モバイル
19,モバイル
168
140,モバイル
141,モバイル
142
11
14,モバイル
6
143
15
144
145
146
147
7
165
12
13,モバイル
16,モバイル
23
17,モバイル
18,モバイル
167
20
169
8
170
158
57
55
59
58
64
63
62
61
60
105
149,賃貸
207,賃貸
208,賃貸
209,賃貸
210,賃貸
219
220
221
222
223
205,賃貸
216
224
225
226
227
228
229
230
231
217
107,賃貸
150,賃貸
215
215,賃貸
214
214,賃貸
206
206,賃貸
245
235
236
246,賃貸
212
212,賃貸
213
213,賃貸
232
233
238
239
240
241
242
243
244
151
151,賃貸
152,賃貸
50,賃貸
56
148,賃貸
204,賃貸
91
153
154
155
156
157
159
160
161
162
163
164